time,Air Velocity (m/s),BGA He Percent (%),BGA Sound Speed (m/s),Fixed Distance (m),He Velocity (m/s),Measured Distance (m),Mixture Velocity (m/s),Percent He (%),Pressure (PSIG),Temperature (K)
2023-04-13 14:05:30.725,,91.48111724853516,814.95947265625,,,0.34143516421318054,775.5499267578125,92.48793721199036,0.12077999114990234,
2023-04-13 14:05:00.838,331,91.64134979248047,818.0700073242188,0.800000011920929,973,0.34111109375953674,776.2867431640625,92.52702593803406,0.12077999114990234,295.70001220703125
2023-04-13 14:04:30.542,,91.57769012451172,816.6956176757812,,,0.3408217430114746,776.94580078125,92.56188869476318,0.12077999114990234,
2023-04-13 14:04:00.654,331,91.60553741455078,817.129638671875,0.800000011920929,973,0.3404861092567444,777.711669921875,92.60228872299194,0.12077999114990234,295.6000061035156
2023-04-13 14:03:30.752,,91.64749908447266,817.85302734375,,,0.340173602104187,778.4261474609375,92.6398754119873,0.12077999114990234,
2023-04-13 14:03:00.842,331,91.68366241455078,818.5040283203125,0.800000011920929,973,0.33986109495162964,779.1419067382812,92.6774263381958,0.12077999114990234,295.70001220703125
2023-04-13 14:02:30.536,,91.72272491455078,819.1550903320312,,,0.33953702449798584,779.8855590820312,92.7163302898407,0.12239551544189453,
2023-04-13 14:02:00.658,331,91.72996520996094,819.2997436523438,0.800000011920929,973,0.33922451734542847,780.60400390625,92.75381565093994,0.12239551544189453,295.70001220703125
2023-04-13 14:01:30.708,,91.8243637084961,821.1082153320312,,,0.33890047669410706,781.3504028320312,92.79264211654663,0.12239551544189453,
2023-04-13 14:01:00.863,331,91.85076904296875,821.542236328125,0.800000011920929,973,0.33857637643814087,782.0983276367188,92.83143877983093,0.12239551544189453,295.70001220703125
2023-04-13 14:00:30.550,,91.88983154296875,822.1932373046875,,,0.3382638990879059,782.82080078125,92.8688108921051,0.12077999114990234,
2023-04-13 14:00:00.634,331,91.92780303955078,822.9166870117188,0.800000011920929,973,0.3379861116409302,783.4641723632812,92.90199875831604,0.11916255950927734,295.70001220703125
2023-04-13 13:59:30.763,,91.96759033203125,823.6400756835938,,,0.3376736044883728,784.1892700195312,92.93931722640991,0.12077999114990234,
2023-04-13 13:59:00.840,331,92.18714141845703,831.3801879882812,0.800000011920929,973,0.33736109733581543,784.9157104492188,92.97659397125244,0.11916255950927734,295.70001220703125
2023-04-13 13:58:30.969,,92.04571533203125,825.0144653320312,,,0.33706018328666687,785.616455078125,93.01245212554932,0.11916255950927734,
2023-04-13 13:58:00.661,331,92.09562683105469,825.954833984375,0.800000011920929,973,0.3367476761341095,786.3455200195312,93.04965734481812,0.12077999114990234,295.70001220703125
2023-04-13 13:57:30.668,,92.13179779052734,826.6058959960938,,,0.3364236056804657,787.1029663085938,93.08819770812988,0.11916255950927734,
2023-04-13 13:57:00.855,331,92.16073608398438,826.895263671875,0.800000011920929,973,0.33601853251457214,788.0518188476562,93.13633441925049,0.12077999114990234,295.70001220703125
2023-04-13 13:56:30.961,,92.21426391601562,828.125,,,0.33579859137535095,788.5679931640625,93.16244125366211,0.12077999114990234,
2023-04-13 13:56:00.544,331,92.26055908203125,828.9931030273438,0.800000011920929,973,0.3355092704296112,789.2479858398438,93.19676160812378,0.11916255950927734,295.70001220703125
2023-04-13 13:55:30.662,,92.29275512695312,829.57177734375,,,0.33509260416030884,790.2293701171875,93.24613809585571,0.11916255950927734,
2023-04-13 13:55:00.853,331,92.3321762084961,830.295166015625,0.800000011920929,973,0.3347916603088379,790.939697265625,93.28176379203796,0.11916255950927734,295.70001220703125
2023-04-13 13:54:30.855,,92.38245391845703,831.2355346679688,,,0.3344675898551941,791.7060546875,93.32008361816406,0.11916255950927734,
2023-04-13 13:54:00.553,331,92.42476654052734,832.03125,0.800000011920929,973,0.3341435194015503,792.473876953125,93.3583676815033,0.11916255950927734,295.70001220703125
2023-04-13 13:53:30.666,,92.45659637451172,832.6823120117188,,,0.3338310122489929,793.2157592773438,93.39525103569031,0.11754703521728516,
2023-04-13 13:53:00.744,331,92.5,833.4057006835938,0.800000011920929,973,0.3335069417953491,793.9865112304688,93.43346357345581,0.11916255950927734,295.70001220703125
2023-04-13 13:52:30.859,,92.54232025146484,834.201416015625,,,0.3331828713417053,794.7587890625,93.47164034843445,0.11916255950927734,
2023-04-13 13:52:00.546,331,92.58065795898438,834.9247436523438,0.800000011920929,973,0.3328819274902344,795.477294921875,93.50706338882446,0.12077999114990234,295.70001220703125
2023-04-13 13:51:30.639,,92.61935424804688,835.720458984375,,,0.3325694501399994,796.2247314453125,93.54380369186401,0.11916255950927734,
2023-04-13 13:51:00.793,331,92.66167449951172,836.44384765625,0.800000011920929,973,0.3322453498840332,797.0014038085938,93.58187317848206,0.12077999114990234,295.70001220703125
2023-04-13 13:50:30.912,,92.70435333251953,837.3119506835938,,,0.3319328725337982,797.751708984375,93.61854195594788,0.12077999114990234,
2023-04-13 13:50:00.557,331,92.74378204345703,838.0352783203125,0.800000011920929,973,0.33166664838790894,798.3920288085938,93.6497688293457,0.11916255950927734,295.70001220703125
2023-04-13 13:49:30.659,,92.78790283203125,838.8309936523438,,,0.33135414123535156,799.14501953125,93.68637204170227,0.11916255950927734,
2023-04-13 13:49:00.781,331,92.82804870605469,839.5543823242188,0.800000011920929,973,0.331053227186203,799.8714599609375,93.72159838676453,0.11916255950927734,295.70001220703125
2023-04-13 13:48:30.872,,92.8631362915039,840.2777709960938,,,0.33074072003364563,800.627197265625,93.75814199447632,0.11916255950927734,
2023-04-13 13:48:00.994,331,92.90653991699219,841.073486328125,0.800000011920929,973,0.33042824268341064,801.3843383789062,93.79464983940125,0.11754703521728516,295.70001220703125
2023-04-13 13:47:30.673,,92.94632720947266,841.8692626953125,,,0.3301272988319397,802.1148681640625,93.82978081703186,0.11916255950927734,
2023-04-13 13:47:00.778,331,92.98429870605469,842.5925903320312,0.800000011920929,973,0.3298148214817047,802.8748168945312,93.86621117591858,0.11916255950927734,295.70001220703125
2023-04-13 13:46:30.865,,93.02336120605469,843.3159790039062,,,0.32950231432914734,803.6362915039062,93.90261769294739,0.11916255950927734,
2023-04-13 13:46:00.993,331,93.06640625,844.1840209960938,0.800000011920929,973,0.32918980717658997,804.3992309570312,93.93899440765381,0.11754703521728516,295.6000061035156
2023-04-13 13:45:30.640,,93.10691833496094,844.979736328125,,,0.32886573672294617,805.19189453125,93.97667646408081,0.11754703521728516,
2023-04-13 13:45:00.689,331,93.1463394165039,845.703125,0.800000011920929,973,0.32857638597488403,805.9009399414062,94.01028752326965,0.12077999114990234,295.70001220703125
2023-04-13 13:44:30.891,,93.18937683105469,846.5712280273438,,,0.32826387882232666,806.6681518554688,94.04656291007996,0.11916255950927734,
2023-04-13 13:44:00.966,331,93.22627258300781,847.2945556640625,0.800000011920929,973,0.3278587758541107,807.6648559570312,94.09351944923401,0.11916255950927734,295.70001220703125
2023-04-13 13:43:30.560,,93.26570129394531,848.0179443359375,,,0.3276504576206207,808.1784057617188,94.11765336990356,0.11916255950927734,
2023-04-13 13:43:00.701,331,93.3087387084961,848.885986328125,0.800000011920929,973,0.3272685110569,809.12158203125,94.161856174469,0.11916255950927734,295.70001220703125
2023-04-13 13:42:30.785,,93.34996795654297,849.6817626953125,,,0.3269444406032562,809.923583984375,94.19931173324585,0.11754703521728516,
2023-04-13 13:42:00.894,331,93.38975524902344,850.4774780273438,0.800000011920929,973,0.3266550898551941,810.6410522460938,94.23273205757141,0.11754703521728516,295.6000061035156
2023-04-13 13:41:30.558,,93.427734375,851.2008056640625,,,0.3263310194015503,811.446044921875,94.27012205123901,0.11754703521728516,
2023-04-13 13:41:00.718,331,93.46824645996094,851.9965209960938,0.800000011920929,973,0.3260185122489929,812.223876953125,94.30614709854126,0.11754703521728516,295.6000061035156
2023-04-13 13:40:30.823,,93.51020050048828,852.8645629882812,,,0.32570600509643555,813.003173828125,94.34213638305664,0.11754703521728516,
2023-04-13 13:40:00.906,331,93.54853820800781,853.6602783203125,0.800000011920929,973,0.3254166543483734,813.72607421875,94.3754255771637,0.11916255950927734,295.6000061035156
2023-04-13 13:39:30.603,,93.59085845947266,854.4559936523438,,,0.32510414719581604,814.50830078125,94.41134929656982,0.11916255950927734,
2023-04-13 13:39:00.693,331,93.62666320800781,855.1793823242188,0.800000011920929,973,0.3248032331466675,815.2628784179688,94.44590210914612,0.11916255950927734,295.6000061035156
2023-04-13 13:38:30.840,,93.6700668334961,856.1198120117188,,,0.32445600628852844,816.1353759765625,94.48573589324951,0.12077999114990234,
2023-04-13 13:38:00.799,331,93.70804595947266,856.8432006835938,0.800000011920929,973,0.32414352893829346,816.922119140625,94.52155232429504,0.12239551544189453,295.6000061035156
2023-04-13 13:37:30.587,,93.74638366699219,857.638916015625,,,0.32381942868232727,817.73974609375,94.55865621566772,0.12239551544189453,
2023-04-13 13:37:00.689,331,93.78689575195312,858.4346313476562,0.800000011920929,973,0.3235069513320923,818.5296020507812,94.59439516067505,0.12239551544189453,295.6000061035156
2023-04-13 13:36:30.805,,93.82523345947266,859.2303466796875,,,0.32320600748062134,819.291748046875,94.62878704071045,0.12401294708251953,
2023-04-13 13:36:00.522,331,93.86320495605469,860.0260620117188,0.800000011920929,973,0.3228703737258911,820.1434326171875,94.66710686683655,0.12401294708251953,295.70001220703125
2023-04-13 13:35:31.008,,93.90408325195312,860.82177734375,,,0.32255786657333374,820.9380493164062,94.70275044441223,0.12563037872314453,
2023-04-13 13:35:00.700,331,93.94169616699219,861.6174926757812,0.800000011920929,973,0.3222569525241852,821.70458984375,94.73702907562256,0.12563037872314453,295.6000061035156
2023-04-13 13:34:30.791,,93.984375,862.4855346679688,,,0.32195600867271423,822.47265625,94.77128982543945,0.12563037872314453,
2023-04-13 13:34:00.891,331,94.02127075195312,863.2088623046875,0.800000011920929,973,0.321724534034729,823.064453125,94.79761719703674,0.12724590301513672,295.6000061035156
2023-04-13 13:33:31.001,,94.05815887451172,864.004638671875,,,0.32141202688217163,823.8646850585938,94.83312964439392,0.12563037872314453,
2023-04-13 13:33:00.596,331,94.10228729248047,864.9450073242188,0.800000011920929,973,0.3210763931274414,824.7258911132812,94.87122893333435,0.12724590301513672,295.6000061035156
2023-04-13 13:32:30.708,,94.13845825195312,865.6683959960938,,,0.32077547907829285,825.4995727539062,94.90536451339722,0.12886333465576172,
2023-04-13 13:32:00.790,331,94.17823791503906,866.5364379882812,0.800000011920929,973,0.32043981552124023,826.3642578125,94.94339227676392,0.12886333465576172,295.6000061035156
2023-04-13 13:31:30.967,,94.21585845947266,867.2598876953125,,,0.3200925886631012,827.2606811523438,94.98268961906433,0.13048076629638672,
2023-04-13 13:31:00.576,331,94.2560043334961,868.1278686523438,0.800000011920929,973,0.31979164481163025,828.0391845703125,95.0167179107666,0.12886333465576172,295.5
2023-04-13 13:30:30.719,,94.29615020751953,868.9959716796875,,,0.3195023238658905,828.7890014648438,95.04939913749695,0.13048076629638672,
2023-04-13 13:30:00.790,331,94.33304595947266,869.7192993164062,0.800000011920929,973,0.3191319406032562,829.7509155273438,95.09119987487793,0.1337137222290039,295.6000061035156
2023-04-13 13:29:30.906,,94.37030029296875,870.58740234375,,,0.31881943345069885,830.564208984375,95.12642621994019,0.1337137222290039,
2023-04-13 13:29:00.615,331,94.41117095947266,871.3831176757812,0.800000011920929,973,0.31861111521720886,831.1072998046875,95.14988660812378,0.1353292465209961,295.6000061035156
2023-04-13 13:28:30.733,,94.44986724853516,872.2511596679688,,,0.3182060122489929,832.1653442382812,95.195472240448,0.1369466781616211,
2023-04-13 13:28:00.798,331,94.49002075195312,873.1192626953125,0.800000011920929,973,0.31789350509643555,832.9833984375,95.23059129714966,0.1369466781616211,295.5
2023-04-13 13:27:30.916,,94.52980041503906,873.9149780273438,,,0.317592591047287,833.7726440429688,95.2643871307373,0.1385641098022461,
2023-04-13 13:27:00.604,331,94.56886291503906,874.782958984375,0.800000011920929,973,0.3172685205936432,834.6243286132812,95.30074000358582,0.1385641098022461,295.5
2023-04-13 13:26:30.720,,94.60684204101562,875.5786743164062,,,0.3169560134410858,835.4472045898438,95.33575773239136,0.14017963409423828,
2023-04-13 13:26:00.847,331,94.64517974853516,876.44677734375,0.800000011920929,973,0.31664350628852844,836.271728515625,95.37074565887451,0.14341449737548828,295.5
2023-04-13 13:25:30.929,,94.68207550048828,877.170166015625,,,0.31633102893829346,837.0978393554688,95.4056978225708,0.14503002166748047,
2023-04-13 13:25:00.595,331,94.72186279296875,878.0381469726562,0.800000011920929,973,0.3160185217857361,837.9255981445312,95.44061422348022,0.14503002166748047,295.6000061035156
2023-04-13 13:24:30.756,,94.75875091552734,878.90625,,,0.31568285822868347,838.8165893554688,95.47808170318604,0.14826488494873047,
2023-04-13 13:24:00.790,331,94.79817962646484,879.7019653320312,0.800000011920929,973,0.3153703510761261,839.6477661132812,95.51292657852173,0.14988136291503906,295.5
2023-04-13 13:23:30.932,,94.83651733398438,880.5700073242188,,,0.3150462806224823,840.511474609375,95.54902911186218,0.15149784088134766,
2023-04-13 13:23:01.165,331,94.87268829345703,881.36572265625,0.800000011920929,973,0.31469908356666565,841.4387817382812,95.58766484260559,0.15149784088134766,295.6000061035156
2023-04-13 13:22:30.715,,94.91319274902344,882.2338256835938,,,0.31447914242744446,842.0272827148438,95.61211466789246,0.15311431884765625,
2023-04-13 13:22:00.714,331,94.951171875,883.1018676757812,0.800000011920929,973,0.3141666650772095,842.8648071289062,95.64682841300964,0.15473175048828125,295.6000061035156
2023-04-13 13:21:30.947,,94.990234375,883.9699096679688,,,0.31383103132247925,843.7662353515625,95.68407535552979,0.15473175048828125,
2023-04-13 13:21:01.044,331,95.02965545654297,884.765625,0.800000011920929,973,0.3135300874710083,844.5761108398438,95.71743607521057,0.15796470642089844,295.6000061035156
2023-04-13 13:20:30.718,,95.06582641601562,885.6337280273438,,,0.3132176101207733,845.418701171875,95.75203657150269,0.15958213806152344,
2023-04-13 13:20:00.793,331,95.10308074951172,886.4293823242188,0.800000011920929,973,0.31289350986480713,846.2943725585938,95.78789472579956,0.16281509399414062,295.6000061035156
2023-04-13 13:19:30.907,,95.14141845703125,887.2974243164062,,,0.31259259581565857,847.1090698242188,95.82114815711975,0.1660480499267578,
2023-04-13 13:19:00.928,331,95.18048095703125,888.16552734375,0.800000011920929,973,0.3122800886631012,847.956787109375,95.85565328598022,0.1676654815673828,295.6000061035156
2023-04-13 13:18:30.633,,95.21556854248047,888.9612426757812,,,0.31188657879829407,849.0266723632812,95.89905738830566,0.172515869140625,
2023-04-13 13:18:00.745,331,95.25535583496094,889.8292846679688,0.800000011920929,973,0.31165510416030884,849.6572265625,95.92455625534058,0.1757488250732422,295.6000061035156
2023-04-13 13:17:30.855,,95.29405212402344,890.6973876953125,,,0.3113541603088379,850.478515625,95.95769047737122,0.1773662567138672,
2023-04-13 13:17:00.904,331,95.32986450195312,891.5653686523438,0.800000011920929,973,0.31094908714294434,851.58642578125,96.00223302841187,0.18059921264648438,295.6000061035156
2023-04-13 13:16:30.638,,95.36820220947266,892.4334716796875,,,0.3106597065925598,852.3796997070312,96.0340142250061,0.18383216857910156,
2023-04-13 13:16:00.728,331,95.40689849853516,893.301513671875,0.800000011920929,973,0.3104398250579834,852.9833984375,96.05814814567566,0.18706703186035156,295.6000061035156
2023-04-13 13:15:30.831,,95.44306945800781,894.0972290039062,,,0.3100578784942627,854.0341796875,96.10002636909485,0.19191741943359375,
2023-04-13 13:15:00.923,331,95.48140716552734,894.9652709960938,0.800000011920929,973,0.30975693464279175,854.8638916015625,96.13298773765564,0.19353294372558594,295.6000061035156
2023-04-13 13:14:30.650,,95.51866149902344,895.8333129882812,,,0.30943286418914795,855.7592163085938,96.16844058036804,0.19676685333251953,
2023-04-13 13:14:00.733,331,95.55628204345703,896.701416015625,0.800000011920929,973,0.30910879373550415,856.6563720703125,96.20385766029358,0.20000076293945312,295.6000061035156
2023-04-13 13:13:30.880,,95.59281158447266,897.4971313476562,,,0.30878472328186035,857.555419921875,96.23923897743225,0.2032337188720703,
2023-04-13 13:13:00.686,331,95.62969970703125,898.3651123046875,0.800000011920929,973,0.3084953725337982,858.3598022460938,96.2708055973053,0.2064676284790039,295.5
2023-04-13 13:12:30.640,,95.66551208496094,899.160888671875,,,0.30819442868232727,859.1979370117188,96.30359411239624,0.2113180160522461,
2023-04-13 13:12:00.744,331,95.70204162597656,900.0289306640625,0.800000011920929,973,0.3078935146331787,860.0376586914062,96.33634686470032,0.21616840362548828,295.5
2023-04-13 13:11:30.835,,95.73892974853516,900.89697265625,,,0.3076041638851166,860.8466796875,96.3678240776062,0.22101879119873047,
2023-04-13 13:11:00.925,331,95.7732925415039,901.6926879882812,0.800000011920929,973,0.30730322003364563,861.689697265625,96.4005172252655,0.22425174713134766,295.5
2023-04-13 13:10:31.054,,95.81127166748047,902.560791015625,,,0.3070138990879059,862.501708984375,96.43192887306213,0.23071956634521484,
2023-04-13 13:10:00.649,331,95.8478012084961,903.4287719726562,0.800000011920929,973,0.3067013919353485,863.3805541992188,96.46581411361694,0.23718547821044922,295.5
2023-04-13 13:09:30.753,,95.88505554199219,904.296875,,,0.30645832419395447,864.0653686523438,96.49214744567871,0.2420358657836914,
2023-04-13 13:09:00.945,331,95.92122650146484,905.1649780273438,0.800000011920929,973,0.30616897344589233,864.8819580078125,96.52346968650818,0.2468862533569336,295.5
2023-04-13 13:08:30.943,,95.95558166503906,905.9606323242188,,,0.3058680593967438,865.7328491210938,96.55601382255554,0.2501192092895508,
2023-04-13 13:08:00.653,331,95.99175262451172,906.8286743164062,0.800000011920929,973,0.30559027194976807,866.519775390625,96.58603072166443,0.25820350646972656,295.3999938964844
2023-04-13 13:07:30.773,,96.02611541748047,907.69677734375,,,0.30526620149612427,867.439697265625,96.62100672721863,0.26305389404296875,
2023-04-13 13:07:00.871,331,96.06409454345703,908.5648193359375,0.800000011920929,973,0.3049652874469757,868.2955932617188,96.65345549583435,0.26952075958251953,295.3999938964844
2023-04-13 13:06:30.989,,96.09591674804688,909.2881469726562,,,0.3046412169933319,869.2192993164062,96.6883659362793,0.2743711471557617,
2023-04-13 13:06:00.615,331,96.13064575195312,910.15625,0.800000011920929,973,0.30434027314186096,870.0787963867188,96.72074317932129,0.2824554443359375,295.3999938964844
2023-04-13 13:05:30.784,,96.17042541503906,911.0966186523438,,,0.30403932929039,870.9400024414062,96.75310254096985,0.2889213562011719,
2023-04-13 13:05:00.820,331,96.201171875,911.8200073242188,0.800000011920929,973,0.3036689758300781,872.002197265625,96.79286479949951,0.29538917541503906,295.3999938964844
2023-04-13 13:04:30.945,,96.23480987548828,912.6880493164062,,,0.303483784198761,872.5343017578125,96.81273102760315,0.30347251892089844,
2023-04-13 13:04:00.640,331,96.26953125,913.4838256835938,0.800000011920929,973,0.30319443345069885,873.3670043945312,96.84375524520874,0.3131732940673828,295.3999938964844
2023-04-13 13:03:30.798,,96.30244445800781,914.279541015625,,,0.3027777671813965,874.5689086914062,96.88836932182312,0.3196401596069336,
2023-04-13 13:03:00.871,331,96.33644104003906,915.1475219726562,0.800000011920929,973,0.30248841643333435,875.4054565429688,96.91931009292603,0.32772350311279297,295.3999938964844
2023-04-13 13:02:30.963,,96.37044525146484,915.9432373046875,,,0.3021990656852722,876.24365234375,96.95022702217102,0.33742427825927734,
2023-04-13 13:02:00.636,331,96.40263366699219,916.739013671875,0.800000011920929,973,0.30188655853271484,877.1507568359375,96.9835877418518,0.3471250534057617,295.3999938964844
2023-04-13 13:01:30.749,,96.43663024902344,917.5347290039062,,,0.3016319274902344,877.8912353515625,97.010737657547,0.3568258285522461,
2023-04-13 13:01:00.876,331,96.46846008300781,918.3304443359375,0.800000011920929,973,0.30135416984558105,878.7003784179688,97.04033136367798,0.36814308166503906,295.3999938964844
2023-04-13 13:00:30.966,,96.50028991699219,919.1261596679688,,,0.30108797550201416,879.4772338867188,97.06867337226868,0.37946033477783203,
2023-04-13 13:00:00.642,331,96.53356170654297,919.921875,0.800000011920929,973,0.30081018805503845,880.2893676757812,97.09821343421936,0.38916015625,295.3999938964844
2023-04-13 12:59:30.766,,96.56864929199219,920.8622436523438,,,0.300555557012558,881.03515625,97.12526798248291,0.4004783630371094,
2023-04-13 12:59:00.875,331,96.59071350097656,921.36865234375,0.800000011920929,973,0.3002777695655823,881.8502197265625,97.15476036071777,0.41179466247558594,295.3999938964844
2023-04-13 12:58:30.974,,96.62615966796875,922.2366943359375,,,0.3000231385231018,882.5986328125,97.1817672252655,0.4247293472290039,
2023-04-13 12:58:01.071,331,96.63736724853516,922.5260620117188,0.800000011920929,973,0.2997106611728668,883.5188598632812,97.21488356590271,0.43766307830810547,295.3999938964844
2023-04-13 12:57:30.678,,96.80265808105469,927.1557006835938,,,0.29945603013038635,884.2701416015625,97.2418487071991,0.45221424102783203,
2023-04-13 12:57:00.765,331,96.71910858154297,924.551513671875,0.800000011920929,973,0.29918980598449707,885.0569458007812,97.27000594139099,0.4651479721069336,295.3999938964844
2023-04-13 12:56:30.857,,96.75093841552734,925.27490234375,,,0.2989351749420166,885.8108520507812,97.29691743850708,0.47969913482666016,
2023-04-13 12:56:01.219,331,96.77372741699219,925.9259033203125,0.800000011920929,973,0.2986689805984497,886.600341796875,97.32502698898315,0.4958667755126953,295.3999938964844
2023-04-13 12:55:30.707,,96.80989837646484,926.8662719726562,,,0.298391193151474,887.4257202148438,97.35433459281921,0.5120334625244141,
2023-04-13 12:55:00.749,331,96.85112762451172,927.8067626953125,0.800000011920929,973,0.298078715801239,888.3560180664062,97.38726615905762,0.5282011032104492,295.3000183105469
2023-04-13 12:54:30.849,,96.86631774902344,928.1683959960938,,,0.2978472113609314,889.0465087890625,97.41164445877075,0.545985221862793,
2023-04-13 12:54:00.986,331,96.92021179199219,929.6875,0.800000011920929,973,0.29760414361953735,889.7726440429688,97.43722081184387,0.5653867721557617,295.3999938964844
2023-04-13 12:53:30.656,,96.93214416503906,929.9768676757812,,,0.2973611056804657,890.4998168945312,97.4627673625946,0.5847883224487305,
2023-04-13 12:53:00.778,331,96.982421875,931.2066040039062,0.800000011920929,973,0.29712963104248047,891.193603515625,97.48708009719849,0.6058063507080078,295.3000183105469
2023-04-13 12:52:30.856,,96.97772216796875,931.7130126953125,,,0.29689815640449524,891.8883666992188,97.51138091087341,0.6268234252929688,
2023-04-13 12:52:01.025,331,96.99797058105469,931.5682373046875,0.800000011920929,973,0.29663193225860596,892.6888427734375,97.5392997264862,0.6462240219116211,295.3000183105469
2023-04-13 12:51:30.655,,97.00267791748047,931.640625,,,0.2963773012161255,893.455810546875,97.56597876548767,0.668858528137207,
2023-04-13 12:51:00.763,331,97.03089141845703,932.364013671875,0.800000011920929,973,0.296122670173645,894.2240600585938,97.5926399230957,0.6947269439697266,295.3000183105469
2023-04-13 12:50:30.893,,97.0525894165039,932.9426879882812,,,0.29586803913116455,894.99365234375,97.61927723884583,0.7222118377685547,
2023-04-13 12:50:00.964,331,97.07357025146484,933.5213623046875,0.800000011920929,973,0.2955787181854248,895.8696899414062,97.6495087146759,0.7496967315673828,295.3000183105469
2023-04-13 12:49:30.685,,97.1111831665039,934.4618530273438,,,0.29543980956077576,896.2908935546875,97.66402244567871,0.7787981033325195,
2023-04-13 12:49:00.759,331,97.13324737548828,934.9682006835938,0.800000011920929,973,0.2952546179294586,896.8530883789062,97.68334627151489,0.8046665191650391,295.3000183105469
2023-04-13 12:48:31.126,,97.15567016601562,935.6192626953125,,,0.29499998688697815,897.627197265625,97.70990014076233,0.8370018005371094,
2023-04-13 12:48:00.989,331,97.18243408203125,936.270263671875,0.800000011920929,973,0.2946411967277527,898.7202758789062,97.74728417396545,0.8661031723022461,295.20001220703125
2023-04-13 12:47:31.090,,97.20088195800781,936.776611328125,,,0.2944444417953491,899.32080078125,97.76776432991028,0.9016714096069336,
2023-04-13 12:47:00.755,331,97.2283706665039,937.4276123046875,0.800000011920929,973,0.294259250164032,899.8868408203125,97.78703451156616,0.9356231689453125,295.20001220703125
2023-04-13 12:46:30.814,,97.24935150146484,937.7893676757812,,,0.2940972149372101,900.3826293945312,97.80387878417969,0.972808837890625,
2023-04-13 12:46:00.996,331,97.26309204101562,938.2957153320312,0.800000011920929,973,0.2937963008880615,901.3048095703125,97.8351354598999,1.008376121520996,295.20001220703125
2023-04-13 12:45:31.004,,97.29564666748047,939.1637573242188,,,0.29359951615333557,901.908935546875,97.8555679321289,1.0487957000732422,
2023-04-13 12:45:00.683,331,97.30034637451172,939.453125,0.800000011920929,973,0.29342591762542725,902.4425048828125,97.87356853485107,1.0892152786254883,295.20001220703125
2023-04-13 12:44:30.797,,97.34736633300781,941.0445556640625,,,0.2932291626930237,903.0480346679688,97.89395928382874,1.1312503814697266,
2023-04-13 12:44:00.885,331,97.35858154296875,940.7551879882812,0.800000011920929,973,0.29298609495162964,903.7972412109375,97.91914224624634,1.1749019622802734,295.20001220703125
2023-04-13 12:43:30.996,,97.37340545654297,941.2615966796875,,,0.2928009033203125,904.3688354492188,97.9383111000061,1.223404884338379,
2023-04-13 12:43:00.689,331,97.48589324951172,944.3721313476562,0.800000011920929,973,0.292638897895813,904.8695068359375,97.95506596565247,1.2735252380371094,295.20001220703125
2023-04-13 12:42:30.802,,97.44718933105469,942.9976806640625,,,0.2924652695655823,905.40673828125,97.97301888465881,1.323643684387207,
2023-04-13 12:42:00.887,331,97.46202087402344,943.6487426757812,0.800000011920929,973,0.2923032343387604,905.9086303710938,97.98976182937622,1.3769960403442383,295.20001220703125
2023-04-13 12:41:30.988,,97.47901916503906,943.9380493164062,,,0.29211804270744324,906.48291015625,98.00888299942017,1.4335832595825195,
2023-04-13 12:41:00.705,331,97.45406341552734,943.2147216796875,0.800000011920929,973,0.29190969467163086,907.1299438476562,98.03038835525513,1.493403434753418,295.20001220703125
2023-04-13 12:40:30.804,,97.49746704101562,944.2997436523438,,,0.2917708456516266,907.5615844726562,98.04470539093018,1.5548391342163086,
2023-04-13 12:40:00.884,331,97.46600341796875,976.7071533203125,0.800000011920929,973,0.2915046215057373,908.3904418945312,98.07214736938477,1.6211271286010742,295.3000183105469
2023-04-13 12:39:31.002,,97.53833770751953,945.529541015625,,,0.29137730598449707,908.787353515625,98.08525443077087,1.687413215637207,
2023-04-13 12:39:00.694,331,97.70471954345703,957.1036376953125,0.800000011920929,973,0.2912384271621704,909.2207641601562,98.09955954551697,1.7585515975952148,295.3000183105469
2023-04-13 12:38:30.808,,97.56474304199219,946.2528686523438,,,0.29109951853752136,909.6546020507812,98.11384677886963,1.8329229354858398,
2023-04-13 12:38:01.017,331,97.59548950195312,946.9762573242188,0.800000011920929,973,0.29092592000961304,910.1973876953125,98.13170433044434,1.9105253219604492,295.3000183105469
2023-04-13 12:37:31.017,,97.59114837646484,946.9762573242188,,,0.29076388478279114,910.7046508789062,98.14835786819458,1.9913625717163086,
2023-04-13 12:37:00.695,331,97.6287612915039,948.3506469726562,0.800000011920929,973,0.2906481623649597,911.0672607421875,98.16024899482727,2.075434684753418,295.3000183105469
2023-04-13 12:36:30.796,,97.6446762084961,948.3506469726562,,,0.29049769043922424,911.5391235351562,98.17569851875305,2.1611223220825195,
2023-04-13 12:36:00.924,331,97.64070129394531,948.2059936523438,0.800000011920929,973,0.29034721851348877,912.0115356445312,98.19114208221436,2.2548933029174805,295.3000183105469
2023-04-13 12:35:31.008,,97.64431762695312,948.3506469726562,,,0.29021990299224854,912.41162109375,98.20419549942017,2.3502817153930664,
2023-04-13 12:35:01.118,331,97.64250183105469,948.2059936523438,0.800000011920929,973,0.29012730717658997,912.7028198242188,98.21369647979736,2.4521379470825195,295.3000183105469
2023-04-13 12:34:30.716,,97.71231079101562,950.5932006835938,,,0.29001158475875854,913.0670166015625,98.22555780410767,2.55399227142334,
2023-04-13 12:34:00.933,331,97.71411895751953,950.1591186523438,0.800000011920929,973,0.28986111283302307,913.541015625,98.24097752571106,2.6703996658325195,295.3000183105469
2023-04-13 12:33:31.009,,97.67723083496094,949.0740966796875,,,0.2897106409072876,914.0155029296875,98.25639128684998,2.7868051528930664,
2023-04-13 12:33:01.023,331,97.84288024902344,956.0908813476562,0.800000011920929,973,0.2895370125770569,914.5635986328125,98.27415943145752,2.9096784591674805,295.3000183105469
2023-04-13 12:32:30.707,,97.69061279296875,949.3634033203125,,,0.2894328534603119,914.8927612304688,98.28481674194336,3.0374040603637695,
2023-04-13 12:32:00.803,331,97.7032699584961,949.72509765625,0.800000011920929,973,0.2892708480358124,915.4051513671875,98.30138087272644,3.169976234436035,295.3000183105469
2023-04-13 12:31:30.893,,97.69603729248047,949.435791015625,,,0.28903934359550476,916.1383056640625,98.3250379562378,3.31386661529541,
2023-04-13 12:31:01.044,331,97.82588195800781,953.63134765625,0.800000011920929,973,0.28876158595085144,917.01953125,98.35339188575745,3.46260929107666,295.3999938964844
2023-04-13 12:30:30.707,,97.72786712646484,950.3037719726562,,,0.2885879576206207,917.5712890625,98.37110638618469,3.6194334030151367,
2023-04-13 12:30:00.804,331,97.74124908447266,950.5932006835938,0.800000011920929,973,0.28844907879829407,918.0130615234375,98.38526844978333,3.7859601974487305,295.5
2023-04-13 12:29:31.192,,97.7752456665039,951.7505493164062,,,0.28832176327705383,918.4183959960938,98.39824438095093,3.965418815612793,
2023-04-13 12:29:01.014,331,97.75824737548828,951.6058959960938,0.800000011920929,973,0.2882407307624817,918.6766357421875,98.40649962425232,4.154580116271973,295.5
2023-04-13 12:28:30.711,,97.76512145996094,951.5335693359375,,,0.2881828546524048,918.861083984375,98.4123945236206,4.3469743728637695,
2023-04-13 12:28:00.844,331,97.76512145996094,951.388916015625,0.800000011920929,973,0.28812500834465027,919.0455932617188,98.41828346252441,4.55391788482666,295.6000061035156
2023-04-13 12:27:30.994,,97.77560424804688,951.7505493164062,,,0.28805553913116455,919.2672119140625,98.42535257339478,4.768946647644043,
2023-04-13 12:27:01.036,331,97.76982116699219,951.4612426757812,0.800000011920929,973,0.2879745364189148,919.5258178710938,98.43360781669617,4.99044132232666,295.70001220703125
2023-04-13 12:26:30.710,,97.7813949584961,951.7505493164062,,,0.28790509700775146,919.74755859375,98.44067096710205,5.234570503234863,
2023-04-13 12:26:00.840,331,97.70941925048828,950.0144653320312,0.800000011920929,973,0.2878703773021698,919.8585205078125,98.44419956207275,5.478699684143066,295.70001220703125
2023-04-13 12:25:30.935,,97.80309295654297,952.9803466796875,,,0.287858784198761,919.8955688476562,98.4453797340393,5.737381935119629,
2023-04-13 12:25:01.026,331,97.91051483154297,955.7291870117188,0.800000011920929,973,0.2878703773021698,919.8585205078125,98.44419956207275,6.0186967849731445,295.8000183105469
2023-04-13 12:24:30.741,,97.8399887084961,959.9971313476562,,,0.2878009080886841,920.08056640625,98.45126271247864,6.316180229187012,
2023-04-13 12:24:00.804,331,97.79441833496094,952.2568969726562,0.800000011920929,973,0.2877662181854248,920.1914672851562,98.45479726791382,6.626595497131348,295.8999938964844
2023-04-13 12:23:30.838,,97.81937408447266,952.8356323242188,,,0.2878009080886841,920.08056640625,98.45126271247864,6.946713447570801,
2023-04-13 12:23:01.064,331,97.62080383300781,949.435791015625,0.800000011920929,973,0.28777778148651123,920.1544799804688,98.45361709594727,7.302399635314941,295.8999938964844
2023-04-13 12:22:31.147,,97.83601379394531,953.1973876953125,,,0.2878240644931793,920.0065307617188,98.44891428947449,7.680718421936035,
2023-04-13 12:22:00.822,331,97.65878295898438,949.21875,0.800000011920929,973,0.28784722089767456,919.9324951171875,98.44655394554138,8.059039115905762,295.8999938964844
2023-04-13 12:21:30.912,,97.85517883300781,954.2824096679688,,,0.2878819406032562,919.8215942382812,98.44303131103516,8.461609840393066,
2023-04-13 12:21:01.022,331,97.87109375,954.7164306640625,0.800000011920929,973,0.28793981671333313,919.6366577148438,98.43713641166687,8.888432502746582,295.8999938964844
2023-04-13 12:20:30.692,,97.94560241699219,956.52490234375,,,0.2879745364189148,919.5258178710938,98.43360781669617,9.345974922180176,
2023-04-13 12:20:00.754,331,97.91449737548828,955.801513671875,0.800000011920929,973,0.28793981671333313,919.6366577148438,98.43713641166687,9.853636741638184,295.8000183105469
2023-04-13 12:19:30.853,,98.20167541503906,969.6181030273438,,,0.28790509700775146,919.74755859375,98.44067096710205,10.51973819732666,
2023-04-13 12:19:00.918,331,97.48119354248047,942.5636596679688,0.800000011920929,973,0.2903124988079071,912.12060546875,98.19470643997192,9.28615665435791,295.70001220703125
